tcg_printing_id,set_code,collector_number,language,finish,tcgplayer_id,cardmarket_id,market_source,market_price,current_max_price_usd,resolution,resolved_mtg_printings_id,resolved_name
mtg:print:mtg_307fdde3-43f:foil:en,ecl,350,en,foil,656710,862605,tcggraph.cardkingdom,15,29.99,UNRESOLVED,,
mtg:print:mtg_307fdde3-43f:normal:en,ecl,350,en,nonfoil,656710,862605,tcggraph.cardkingdom,10,17.99,UNRESOLVED,,
mtg:print:mtg_6a03d849-67e:foil:en,sld,1964,en,foil,617829,810754,tcggraph.cardkingdom,5.5,6.25,UNRESOLVED,,
mtg:print:mtg_6a03d849-67e:normal:en,sld,1964,en,nonfoil,617829,810754,tcggraph.cardkingdom,5,9.99,UNRESOLVED,,
mtg:print:mtg_236e9bcf-ced:foil:en,sld,1511,en,foil,532537,754214,tcggraph.cardkingdom,89.99,89.99,UNRESOLVED,,
mtg:print:mtg_9cd6a16f-1ef:foil:en,sld,745,en,foil,518241,750289,tcggraph.manapool,1771.4,1771.4,UNRESOLVED,,
mtg:print:mtg_acdb72e2-c00:foil:en,sld,1453,en,foil,514517,733297,tcggraph.cardkingdom,3.5,6.72,UNRESOLVED,,
mtg:print:mtg_acdb72e2-c00:normal:en,sld,1453,en,nonfoil,514517,733297,tcggraph.cardkingdom,2.5,4.9,UNRESOLVED,,
mtg:print:mtg_82fa24fb-aec:foil:en,sld,1122,en,foil,456623,688184,tcggraph.cardkingdom,22,34.99,UNRESOLVED,,
mtg:print:mtg_82fa24fb-aec:normal:en,sld,1122,en,nonfoil,456623,688184,tcggraph.cardkingdom,19.5,34.99,UNRESOLVED,,
mtg:print:mtg_408158b0-bc3:foil:en,sld,1966,en,foil,617840,810756,tcggraph.cardkingdom,1.3,2.79,UNRESOLVED,,
mtg:print:mtg_408158b0-bc3:normal:en,sld,1966,en,nonfoil,617840,810756,tcggraph.cardkingdom,1.05,2.49,UNRESOLVED,,
mtg:print:mtg_484b5580-b17:foil:en,tdm,378,en,foil,623988,817989,tcggraph.manapool,3.6,5.2,UNRESOLVED,,
mtg:print:mtg_484b5580-b17:normal:en,tdm,378,en,nonfoil,623988,817989,tcggraph.cardkingdom,0.75,2.99,UNRESOLVED,,
mtg:print:mtg_60c92f1b-0c7:normal:en,sld,750,en,nonfoil,530799,749140,tcggraph.cardkingdom,4,6.99,UNRESOLVED,,
mtg:print:mtg_9680a2d6-1d6:foil:en,sld,1325,en,foil,603417,804523,tcggraph.cardkingdom,7.5,11.99,UNRESOLVED,,
mtg:print:mtg_a724ebbc-0f7:foil:en,sld,1327,en,foil,603420,804525,tcggraph.cardkingdom,1.5,4.99,UNRESOLVED,,
mtg:print:mtg_b96d6ea4-a3a:foil:en,sld,1123,en,foil,456624,688332,tcggraph.cardkingdom,9.5,18.99,UNRESOLVED,,
mtg:print:mtg_b96d6ea4-a3a:normal:en,sld,1123,en,nonfoil,456624,688332,tcggraph.cardkingdom,7.25,15.99,UNRESOLVED,,
mtg:print:mtg_c05c6c38-d20:foil:en,sld,749,en,foil,517504,750293,tcggraph.manapool,317.64,317.64,UNRESOLVED,,
mtg:print:mtg_caf8d01d-07a:foil:en,sld,1457,en,foil,514516,733302,tcggraph.cardkingdom,3.2,5.49,UNRESOLVED,,
mtg:print:mtg_caf8d01d-07a:normal:en,sld,1457,en,nonfoil,514516,733302,tcggraph.cardkingdom,1.8,5.21,UNRESOLVED,,
mtg:print:mtg_eb96c335-9ed:foil:en,ecl,348,en,foil,656712,862603,tcggraph.cardkingdom,19,37.99,UNRESOLVED,,
mtg:print:mtg_eb96c335-9ed:normal:en,ecl,348,en,nonfoil,656712,862603,tcggraph.cardkingdom,12.5,21.99,UNRESOLVED,,
mtg:print:mtg_36ea852d-ed2:foil:en,sld,1326,en,foil,603419,804524,tcggraph.cardkingdom,5.25,12.99,UNRESOLVED,,
mtg:print:mtg_b3aecdfc-9d3:foil:en,tdm,377,en,foil,624546,818628,tcggraph.cardkingdom,6.99,6.99,UNRESOLVED,,
mtg:print:mtg_b3aecdfc-9d3:normal:en,tdm,377,en,nonfoil,624546,818628,tcggraph.cardkingdom,2.5,5.99,UNRESOLVED,,
mtg:print:mtg_048ddb71-e9e:foil:en,sld,1328,en,foil,603421,804526,tcggraph.cardkingdom,8.25,17.99,UNRESOLVED,,
mtg:print:mtg_913f0aca-ac6:foil:en,sld,1965,en,foil,617830,810755,tcggraph.cardkingdom,2.75,4.99,UNRESOLVED,,
mtg:print:mtg_913f0aca-ac6:normal:en,sld,1965,en,nonfoil,617830,810755,tcggraph.cardkingdom,1.15,3.24,UNRESOLVED,,
mtg:print:mtg_0489be0d-211:foil:en,sld,1124,en,foil,456625,688219,tcggraph.cardkingdom,12,20.99,UNRESOLVED,,
mtg:print:mtg_0489be0d-211:normal:en,sld,1124,en,nonfoil,456625,688219,tcggraph.cardkingdom,11,17.99,UNRESOLVED,,
mtg:print:mtg_3d89c9be-248:foil:en,sld,827,en,foil,554684,777392,tcggraph.cardkingdom,21,37.99,UNRESOLVED,,
mtg:print:mtg_3d89c9be-248:normal:en,sld,827,en,nonfoil,554684,777392,tcggraph.cardkingdom,13.5,30.1,UNRESOLVED,,
mtg:print:mtg_9e69f9e0-498:foil:en,sld,1459,en,foil,517918,746104,tcggraph.cardkingdom,7.5,11.8,UNRESOLVED,,
mtg:print:mtg_9e69f9e0-498:normal:en,sld,1459,en,nonfoil,517918,746104,tcggraph.cardkingdom,9.5,16.99,UNRESOLVED,,
mtg:print:mtg_8421ad46-dc7:normal:en,sld,380★,en,nonfoil,455827,,tcggraph.cardkingdom,5.75,13.99,UNRESOLVED,,
mtg:print:mtg_94eea6e3-20b:foil:en,sld,380,en,foil,259213,657828,tcggraph.cardkingdom,15,33.19,UNRESOLVED,,
mtg:print:mtg_4d227cd3-ebf:foil:en,sld,1079,en,foil,456592,688222,tcggraph.cardkingdom,49,74.99,UNRESOLVED,,
mtg:print:mtg_4d227cd3-ebf:normal:en,sld,1079,en,nonfoil,456592,688222,tcggraph.cardkingdom,42,69.99,UNRESOLVED,,
mtg:print:mtg_6620b5f4-b1e:foil:en,rex,21,en,foil,524344,741071,tcggraph.cardkingdom,4.5,18.2,UNRESOLVED,,
mtg:print:mtg_6620b5f4-b1e:normal:en,rex,21,en,nonfoil,524344,741071,tcggraph.cardkingdom,1.5,4.21,UNRESOLVED,,
mtg:print:mtg_3e3f0bcd-079:foil:en,sld,381,en,foil,259214,657830,tcggraph.cardkingdom,31,54.99,UNRESOLVED,,
mtg:print:mtg_df08020f-021:foil:en,sld,1876,en,foil,625089,818523,tcggraph.cardkingdom,0.75,1.49,UNRESOLVED,,
mtg:print:mtg_df08020f-021:normal:en,sld,1876,en,nonfoil,625089,818523,tcggraph.cardkingdom,0.6,1.49,UNRESOLVED,,
mtg:print:mtg_f973a1f3-6dc:foil:en,sld,1541,en,foil,537385,755307,tcggraph.cardkingdom,33,54.99,UNRESOLVED,,
mtg:print:mtg_f973a1f3-6dc:normal:en,sld,1541,en,nonfoil,537385,755307,tcggraph.cardkingdom,30,44.99,UNRESOLVED,,
mtg:print:mtg_d5dfd236-b1d:foil:en,sld,379,en,foil,259216,657817,tcggraph.cardkingdom,16.5,36.13,UNRESOLVED,,
mtg:print:mtg_d5dfd236-b1d:normal:en,sld,379,en,nonfoil,259216,657817,tcggraph.tcgplayer,24.18,24.18,UNRESOLVED,,
mtg:print:mtg_e25ce640-baf:normal:en,sld,379★,en,nonfoil,455826,689958,tcggraph.cardkingdom,7,13.99,UNRESOLVED,,
mtg:print:mtg_60c92f1b-0c7:foil:en,sld,750,en,foil,530799,749140,tcggraph.cardkingdom,3.5,6.17,UNRESOLVED,,
mtg:print:mtg_cdb307bd-63d:foil:en,sld,1968,en,foil,617842,810758,tcggraph.cardkingdom,4.8,5.95,UNRESOLVED,,
mtg:print:mtg_cdb307bd-63d:normal:en,sld,1968,en,nonfoil,617842,810758,tcggraph.cardkingdom,5.7,9.49,UNRESOLVED,,
mtg:print:mtg_087c3a0d-c71:foil:en,sld,382,en,foil,259215,657832,tcggraph.cardkingdom,2,8.09,UNRESOLVED,,
mtg:print:mtg_05fab477-5e3:foil:en,sld,1967,en,foil,617841,810757,tcggraph.cardkingdom,1.3,3.49,UNRESOLVED,,
mtg:print:mtg_05fab477-5e3:normal:en,sld,1967,en,nonfoil,617841,810757,tcggraph.cardkingdom,1.4,3.12,UNRESOLVED,,
mtg:print:mtg_b83edc5c-ee6:foil:en,sld,2214,en,foil,658481,857524,tcggraph.cardkingdom,4.4,7.99,UNRESOLVED,,
mtg:print:mtg_b83edc5c-ee6:normal:en,sld,2214,en,nonfoil,658481,857524,tcggraph.cardkingdom,3.8,7.49,UNRESOLVED,,
mtg:print:mtg_ec75b840-420:foil:en,ecl,351,en,foil,656714,862606,tcggraph.cardkingdom,12.5,24.99,UNRESOLVED,,
mtg:print:mtg_ec75b840-420:normal:en,ecl,351,en,nonfoil,656714,862606,tcggraph.cardkingdom,7.5,14.99,UNRESOLVED,,
mtg:print:mtg_53b11c30-1c4:foil:en,tdm,382,en,foil,624036,817991,tcggraph.cardkingdom,34,79.99,UNRESOLVED,,
mtg:print:mtg_53b11c30-1c4:normal:en,tdm,382,en,nonfoil,624036,817991,tcggraph.cardkingdom,32,69.99,UNRESOLVED,,
mtg:print:mtg_6c69ecd2-cb3:foil:en,sld,1462,en,foil,517932,746102,tcggraph.cardkingdom,9,14.99,UNRESOLVED,,
mtg:print:mtg_6c69ecd2-cb3:normal:en,sld,1462,en,nonfoil,517932,746102,tcggraph.cardkingdom,8.5,13.99,UNRESOLVED,,
mtg:print:mtg_4981dc79-4ef:foil:en,tdm,380,en,foil,624245,817990,tcggraph.cardkingdom,5.99,5.99,UNRESOLVED,,
mtg:print:mtg_4981dc79-4ef:normal:en,tdm,380,en,nonfoil,624245,817990,tcggraph.cardkingdom,1.6,3.49,UNRESOLVED,,
mtg:print:mtg_fe388da5-919:normal:en,sld,1461,en,nonfoil,517927,746103,tcggraph.cardkingdom,10.5,18.99,UNRESOLVED,,
mtg:print:mtg_8bcf942f-5af:foil:en,sld,1460,en,foil,517923,746105,tcggraph.cardkingdom,7.5,11.12,UNRESOLVED,,
mtg:print:mtg_8bcf942f-5af:normal:en,sld,1460,en,nonfoil,517923,746105,tcggraph.cardkingdom,4.8,9.25,UNRESOLVED,,
mtg:print:mtg_fe388da5-919:foil:en,sld,1461,en,foil,517927,746103,tcggraph.cardkingdom,10.5,18.99,UNRESOLVED,,
mtg:print:mtg_6adadbc9-4a0:foil:en,sld,1544,en,foil,537387,755312,tcggraph.cardkingdom,3,11.45,UNRESOLVED,,
mtg:print:mtg_6adadbc9-4a0:normal:en,sld,1544,en,nonfoil,537387,755312,tcggraph.cardkingdom,4,11.99,UNRESOLVED,,
mtg:print:mtg_acf375d1-635:foil:en,sld,1873,en,foil,625083,818520,tcggraph.cardkingdom,10,19.99,UNRESOLVED,,
mtg:print:mtg_acf375d1-635:normal:en,sld,1873,en,nonfoil,625083,818520,tcggraph.cardkingdom,8.25,17.99,UNRESOLVED,,
mtg:print:mtg_20bdc926-b1a:foil:en,sld,1874,en,foil,625085,818521,tcggraph.cardkingdom,1.75,3.49,UNRESOLVED,,
mtg:print:mtg_20bdc926-b1a:normal:en,sld,1874,en,nonfoil,625085,818521,tcggraph.cardkingdom,1.3,2.79,UNRESOLVED,,
mtg:print:mtg_dae8751c-4c7:foil:en,sld,1675,en,foil,560662,781313,tcggraph.manapool,60.43,60.43,UNRESOLVED,,
mtg:print:mtg_dae8751c-4c7:normal:en,sld,1675,en,nonfoil,560662,781313,tcggraph.manapool,70.84,70.84,UNRESOLVED,,
mtg:print:mtg_28d37803-d3f:foil:en,ecl,349,en,foil,656697,862604,tcggraph.manapool,19.12,19.24,UNRESOLVED,,
mtg:print:mtg_28d37803-d3f:normal:en,ecl,349,en,nonfoil,656697,862604,tcggraph.manapool,12.49,12.83,UNRESOLVED,,
mtg:print:mtg_081f2de5-251:foil:en,tdm,381,en,foil,624144,819515,tcggraph.manapool,1.56,2.47,UNRESOLVED,,
mtg:print:mtg_081f2de5-251:normal:en,tdm,381,en,nonfoil,624144,819515,tcggraph.manapool,0.2,1.47,UNRESOLVED,,
mtg:print:mtg_5ab0412a-2b2:foil:en,sld,1456,en,foil,514507,733300,tcggraph.manapool,6.08,6.43,UNRESOLVED,,
mtg:print:mtg_5ab0412a-2b2:normal:en,sld,1456,en,nonfoil,514507,733300,tcggraph.manapool,5.78,5.78,UNRESOLVED,,
mtg:print:mtg_4efaa120-978:foil:en,sld,1875,en,foil,625087,818522,tcggraph.manapool,5.58,5.58,UNRESOLVED,,
mtg:print:mtg_4efaa120-978:normal:en,sld,1875,en,nonfoil,625087,818522,tcggraph.manapool,9.15,9.15,UNRESOLVED,,
mtg:print:mtg_bffbe9ec-edb:foil:en,rex,26,en,foil,524276,740990,tcggraph.manapool,8.02,9.87,UNRESOLVED,,
mtg:print:mtg_bffbe9ec-edb:normal:en,rex,26,en,nonfoil,524276,740990,tcggraph.manapool,2.49,3.63,UNRESOLVED,,
mtg:print:mtg_8b5341ab-85a:foil:en,sld,1081,en,foil,456594,688252,tcggraph.manapool,45.56,45.56,UNRESOLVED,,
mtg:print:mtg_8b5341ab-85a:normal:en,sld,1081,en,nonfoil,456594,688252,tcggraph.manapool,28.39,28.39,UNRESOLVED,,
mtg:print:mtg_f4e7b3a4-a34:foil:en,sld,1458,en,foil,517914,746106,tcggraph.manapool,17.98,20.27,UNRESOLVED,,
mtg:print:mtg_f4e7b3a4-a34:normal:en,sld,1458,en,nonfoil,517914,746106,tcggraph.manapool,18.59,18.59,UNRESOLVED,,
mtg:print:mtg_9052f5c7-ee3:foil:en,sld,1080,en,foil,456574,688187,tcggraph.manapool,27.09,28.21,UNRESOLVED,,
mtg:print:mtg_9052f5c7-ee3:normal:en,sld,1080,en,nonfoil,456574,688187,tcggraph.manapool,30.11,30.93,UNRESOLVED,,
mtg:print:mtg_434a3cb4-722:foil:en,sld,1972,en,foil,625074,818544,tcggraph.manapool,12.56,12.56,UNRESOLVED,,
mtg:print:mtg_434a3cb4-722:normal:en,sld,1972,en,nonfoil,625074,818544,tcggraph.manapool,11.76,11.76,UNRESOLVED,,
mtg:print:mtg_4e82ad5e-6c7:foil:en,sld,1974,en,foil,625078,818546,tcggraph.manapool,7.28,7.28,UNRESOLVED,,
mtg:print:mtg_4e82ad5e-6c7:normal:en,sld,1974,en,nonfoil,625078,818546,tcggraph.manapool,7.29,9.27,UNRESOLVED,,
mtg:print:mtg_8288607d-57a:foil:en,sld,1973,en,foil,625076,818545,tcggraph.manapool,8.81,8.81,UNRESOLVED,,
mtg:print:mtg_8288607d-57a:normal:en,sld,1973,en,nonfoil,625076,818545,tcggraph.manapool,6.51,7.62,UNRESOLVED,,
mtg:print:mtg_9137168d-ec8:foil:en,sld,1971,en,foil,625072,818543,tcggraph.manapool,16.51,16.51,UNRESOLVED,,
mtg:print:mtg_9137168d-ec8:normal:en,sld,1971,en,nonfoil,625072,818543,tcggraph.manapool,14.16,15.75,UNRESOLVED,,
mtg:print:mtg_c41e4843-c3b:foil:en,sld,1970,en,foil,625070,818542,tcggraph.manapool,7.81,7.81,UNRESOLVED,,
mtg:print:mtg_c41e4843-c3b:normal:en,sld,1970,en,nonfoil,625070,818542,tcggraph.manapool,7.36,10.35,UNRESOLVED,,
mtg:print:mtg_7e703632-5ed:foil:en,rex,25,en,foil,524345,741070,tcggraph.manapool,15.1,21.94,UNRESOLVED,,
mtg:print:mtg_7e703632-5ed:normal:en,rex,25,en,nonfoil,524345,741070,tcggraph.manapool,7.35,9.37,UNRESOLVED,,
mtg:print:mtg_19cba6be-729:normal:en,ecl,347,en,nonfoil,656705,862602,tcggraph.manapool,10.42,10.95,UNRESOLVED,,
mtg:print:mtg_19cba6be-729:foil:en,ecl,347,en,foil,656705,862602,tcggraph.manapool,19.74,21.29,UNRESOLVED,,
mtg:print:mtg_76c343f5-695:foil:en,rex,22,en,foil,526432,743401,tcggraph.manapool,5.35,5.68,UNRESOLVED,,
mtg:print:mtg_76c343f5-695:normal:en,rex,22,en,nonfoil,526432,743401,tcggraph.manapool,2.06,2.92,UNRESOLVED,,
mtg:print:mtg_3cb0824c-57c:foil:en,sld,1454,en,foil,514505,733298,tcggraph.manapool,8.32,8.46,UNRESOLVED,,
mtg:print:mtg_3cb0824c-57c:normal:en,sld,1454,en,nonfoil,514505,733298,tcggraph.manapool,7.55,7.55,UNRESOLVED,,
mtg:print:mtg_4696f5de-fe5:foil:en,sld,746,en,foil,517502,750290,tcggraph.manapool,520.98,520.98,UNRESOLVED,,
mtg:print:mtg_399bf36a-590:foil:en,sld,1509,en,foil,532857,754204,tcggraph.manapool,31.1,32.14,UNRESOLVED,,
mtg:print:mtg_eff6a02b-04f:normal:en,sld,1555,en,nonfoil,533912,,tcggraph.manapool,14.57,14.57,UNRESOLVED,,
mtg:print:mtg_018830b2-dff:normal:en,sld,1556,en,nonfoil,533913,,tcggraph.manapool,4.42,4.42,UNRESOLVED,,
mtg:print:mtg_c6fb38a7-f45:foil:en,sld,1510,en,foil,532858,754212,tcggraph.manapool,17.46,18.97,UNRESOLVED,,
mtg:print:mtg_9d943cf2-046:foil:en,sld,1807,en,foil,580713,791241,tcggraph.manapool,24.89,26.62,UNRESOLVED,,
mtg:print:mtg_9d943cf2-046:normal:en,sld,1807,en,nonfoil,580713,791241,tcggraph.manapool,25.4,25.4,UNRESOLVED,,
mtg:print:mtg_67574bb4-c44:foil:en,sld,1543,en,foil,537386,755310,tcggraph.manapool,9.51,9.81,UNRESOLVED,,
mtg:print:mtg_67574bb4-c44:normal:en,sld,1543,en,nonfoil,537386,755310,tcggraph.manapool,9.3,9.3,UNRESOLVED,,
mtg:print:mtg_9f63277b-e13:foil:en,sld,383,en,foil,259212,657835,tcggraph.manapool,20.84,22.52,UNRESOLVED,,
mtg:print:mtg_d5f7a626-7b6:foil:en,sld,1455,en,foil,514503,733299,tcggraph.manapool,26.31,26.31,UNRESOLVED,,
mtg:print:mtg_d5f7a626-7b6:normal:en,sld,1455,en,nonfoil,514503,733299,tcggraph.manapool,22.7,22.7,UNRESOLVED,,
mtg:print:mtg_aae84079-b65:foil:en,rex,24,en,foil,525383,743247,tcggraph.manapool,9.37,9.9,UNRESOLVED,,
mtg:print:mtg_aae84079-b65:normal:en,rex,24,en,nonfoil,525383,743247,tcggraph.manapool,3.51,6.27,UNRESOLVED,,
mtg:print:mtg_a129558c-45a:foil:en,sld,1508,en,foil,532536,754200,tcggraph.manapool,47.93,47.93,UNRESOLVED,,
mtg:print:mtg_a4a2dd5b-614:normal:en,sld,1554,en,nonfoil,533910,754247,tcggraph.manapool,18.08,18.08,UNRESOLVED,,
mtg:print:mtg_9cf54062-7b5:foil:en,tdm,379,en,foil,624731,818660,tcggraph.manapool,1.04,1.68,UNRESOLVED,,
mtg:print:mtg_9cf54062-7b5:normal:en,tdm,379,en,nonfoil,624731,818660,tcggraph.manapool,0.38,0.84,UNRESOLVED,,
mtg:print:mtg_d74a72a2-d46:foil:en,sld,1512,en,foil,533868,754239,tcggraph.manapool,77.1,77.1,UNRESOLVED,,
mtg:print:mtg_843b35ec-7b5:foil:en,rex,23,en,foil,526433,743402,tcggraph.manapool,2.61,5.09,UNRESOLVED,,
mtg:print:mtg_843b35ec-7b5:normal:en,rex,23,en,nonfoil,526433,743402,tcggraph.manapool,0.78,1.94,UNRESOLVED,,
mtg:print:mtg_d002b29b-c3a:foil:en,sld,1542,en,foil,537381,755309,tcggraph.manapool,2.56,3.3,UNRESOLVED,,
mtg:print:mtg_d002b29b-c3a:normal:en,sld,1542,en,nonfoil,537381,755309,tcggraph.manapool,2.62,2.62,UNRESOLVED,,
mtg:print:mtg_94594d48-b72:foil:en,sld,747,en,foil,518235,750291,tcggraph.tcgplayer,799.99,799.99,UNRESOLVED,,
mtg:print:mtg_94eea6e3-20b:normal:en,sld,380,en,nonfoil,259213,657828,tcggraph.tcgplayer,21.47,21.47,UNRESOLVED,,
